
<project>
    
	<app title="Bhavya" file="Bhavya" main="Main" version="0.0.1" company="Bhavya" />
    <app preloader="flixel.system.FlxPreloader" />
	<set name="SWF_VERSION" value="11.8" />
	<window width="1024" height="768" fps="60" background="#1e1e1e" hardware="true" vsync="false" />
	<window if="html5" resizable="false" />
	<window if="desktop" orientation="landscape" fullscreen="false" resizable="true" />
	<window if="mobile" orientation="landscape" fullscreen="true" width="0" height="0" />
	<set name="BUILD_DIR" value="export" />
	<classpath name="source" />
	<assets path="assets" />
	<haxelib name="flixel" />
	<haxelib name="flixel-addons" />
	<haxedef name="FLX_NO_MOUSE" if="mobile" />
	<haxedef name="FLX_NO_KEYBOARD" if="mobile" />
	<haxedef name="FLX_NO_TOUCH" if="desktop" />	
	<haxedef name="FLX_NO_DEBUG" unless="debug" />
	<haxedef name="NAPE_RELEASE_BUILD" unless="debug" />

	
</project>
